{
  "best_model": "Random Forest",
  "accuracy": 0.7402597402597403,
  "recall": 0.5555555555555556,
  "precision": 0.6521739130434783,
  "f1": 0.6,
  "auc": 0.8161111111111111,
  "confusion_matrix": [
    [
      84,
      16
    ],
    [
      24,
      30
    ]
  ],
  "roc_curve": {
    "fpr": [
      0.0,
      0.0,
      0.0,
      0.0,
      0.01,
      0.02,
      0.02,
      0.03,
      0.03,
      0.05,
      0.05,
      0.05,
      0.06,
      0.06,
      0.07,
      0.07,
      0.1,
      0.1,
      0.11,
      0.13,
      0.14,
      0.16,
      0.17,
      0.19,
      0.2,
      0.2,
      0.21,
      0.21,
      0.22,
      0.24,
      0.25,
      0.28,
      0.28,
      0.29,
      0.29,
      0.31,
      0.31,
      0.33,
      0.34,
      0.35,
      0.35,
      0.37,
      0.38,
      0.4,
      0.42,
      0.42,
      0.45,
      0.47,
      0.48,
      0.5,
      0.5,
      0.52,
      0.54,
      0.55,
      0.57,
      0.6,
      0.64,
      0.65,
      0.69,
      0.72,
      0.73,
      0.79,
      0.8,
      0.83,
      0.87,
      0.88,
      0.92,
      0.97,
      1.0
    ],
    "tpr": [
      0.0,
      0.018518518518518517,
      0.07407407407407407,
      0.1111111111111111,
      0.12962962962962962,
      0.12962962962962962,
      0.14814814814814814,
      0.14814814814814814,
      0.18518518518518517,
      0.18518518518518517,
      0.24074074074074073,
      0.2962962962962963,
      0.3148148148148148,
      0.37037037037037035,
      0.3888888888888889,
      0.42592592592592593,
      0.42592592592592593,
      0.5370370370370371,
      0.5370370370370371,
      0.5370370370370371,
      0.5370370370370371,
      0.5555555555555556,
      0.5925925925925926,
      0.5925925925925926,
      0.6111111111111112,
      0.6296296296296297,
      0.6296296296296297,
      0.6481481481481481,
      0.6851851851851852,
      0.6851851851851852,
      0.7037037037037037,
      0.7037037037037037,
      0.7407407407407407,
      0.7407407407407407,
      0.7592592592592593,
      0.7592592592592593,
      0.7962962962962963,
      0.7962962962962963,
      0.8333333333333334,
      0.8333333333333334,
      0.8703703703703703,
      0.8703703703703703,
      0.8888888888888888,
      0.8888888888888888,
      0.8888888888888888,
      0.9074074074074074,
      0.9074074074074074,
      0.9074074074074074,
      0.9259259259259259,
      0.9259259259259259,
      0.9444444444444444,
      0.9444444444444444,
      0.9444444444444444,
      0.9444444444444444,
      0.9444444444444444,
      0.9444444444444444,
      0.9444444444444444,
      0.9444444444444444,
      0.9814814814814815,
      0.9814814814814815,
      0.9814814814814815,
      0.9814814814814815,
      1.0,
      1.0,
      1.0,
      1.0,
      1.0,
      1.0,
      1.0
    ]
  },
  "pr_curve": {
    "precision": [
      0.35064935064935066,
      0.3576158940397351,
      0.3698630136986301,
      0.375,
      0.38028169014084506,
      0.3829787234042553,
      0.39416058394160586,
      0.40298507462686567,
      0.4015151515151515,
      0.4108527131782946,
      0.42063492063492064,
      0.424,
      0.4344262295081967,
      0.4369747899159664,
      0.4396551724137931,
      0.4434782608695652,
      0.4594594594594595,
      0.4722222222222222,
      0.4811320754716981,
      0.4857142857142857,
      0.49514563106796117,
      0.5,
      0.504950495049505,
      0.5,
      0.5050505050505051,
      0.5102040816326531,
      0.5104166666666666,
      0.5212765957446809,
      0.5384615384615384,
      0.5333333333333333,
      0.5393258426966292,
      0.5454545454545454,
      0.5581395348837209,
      0.5595238095238095,
      0.573170731707317,
      0.5625,
      0.569620253164557,
      0.5657894736842105,
      0.5733333333333334,
      0.581081081081081,
      0.5753424657534246,
      0.5694444444444444,
      0.5857142857142857,
      0.5797101449275363,
      0.5882352941176471,
      0.582089552238806,
      0.5757575757575758,
      0.5846153846153846,
      0.59375,
      0.6031746031746031,
      0.6065573770491803,
      0.6166666666666667,
      0.6271186440677966,
      0.625,
      0.6181818181818182,
      0.6296296296296297,
      0.6226415094339622,
      0.6274509803921569,
      0.64,
      0.6530612244897959,
      0.6521739130434783,
      0.6744186046511628,
      0.6904761904761905,
      0.725,
      0.7435897435897436,
      0.7368421052631579,
      0.7297297297297297,
      0.7222222222222222,
      0.7142857142857143,
      0.7058823529411765,
      0.696969696969697,
      0.71875,
      0.7419354838709677,
      0.7666666666666667,
      0.7586206896551724,
      0.75,
      0.7692307692307693,
      0.76,
      0.75,
      0.7391304347826086,
      0.7619047619047619,
      0.7222222222222222,
      0.7058823529411765,
      0.6875,
      0.6666666666666666,
      0.7142857142857143,
      0.7692307692307693,
      0.75,
      0.7272727272727273,
      0.8,
      0.7777777777777778,
      0.875,
      1.0,
      1.0,
      1.0,
      1.0,
      1.0,
      1.0
    ],
    "recall": [
      1.0,
      1.0,
      1.0,
      1.0,
      1.0,
      1.0,
      1.0,
      1.0,
      0.9814814814814815,
      0.9814814814814815,
      0.9814814814814815,
      0.9814814814814815,
      0.9814814814814815,
      0.9629629629629629,
      0.9444444444444444,
      0.9444444444444444,
      0.9444444444444444,
      0.9444444444444444,
      0.9444444444444444,
      0.9444444444444444,
      0.9444444444444444,
      0.9444444444444444,
      0.9444444444444444,
      0.9259259259259259,
      0.9259259259259259,
      0.9259259259259259,
      0.9074074074074074,
      0.9074074074074074,
      0.9074074074074074,
      0.8888888888888888,
      0.8888888888888888,
      0.8888888888888888,
      0.8888888888888888,
      0.8703703703703703,
      0.8703703703703703,
      0.8333333333333334,
      0.8333333333333334,
      0.7962962962962963,
      0.7962962962962963,
      0.7962962962962963,
      0.7777777777777778,
      0.7592592592592593,
      0.7592592592592593,
      0.7407407407407407,
      0.7407407407407407,
      0.7222222222222222,
      0.7037037037037037,
      0.7037037037037037,
      0.7037037037037037,
      0.7037037037037037,
      0.6851851851851852,
      0.6851851851851852,
      0.6851851851851852,
      0.6481481481481481,
      0.6296296296296297,
      0.6296296296296297,
      0.6111111111111112,
      0.5925925925925926,
      0.5925925925925926,
      0.5925925925925926,
      0.5555555555555556,
      0.5370370370370371,
      0.5370370370370371,
      0.5370370370370371,
      0.5370370370370371,
      0.5185185185185185,
      0.5,
      0.48148148148148145,
      0.46296296296296297,
      0.4444444444444444,
      0.42592592592592593,
      0.42592592592592593,
      0.42592592592592593,
      0.42592592592592593,
      0.4074074074074074,
      0.3888888888888889,
      0.37037037037037035,
      0.35185185185185186,
      0.3333333333333333,
      0.3148148148148148,
      0.2962962962962963,
      0.24074074074074073,
      0.2222222222222222,
      0.2037037037037037,
      0.18518518518518517,
      0.18518518518518517,
      0.18518518518518517,
      0.16666666666666666,
      0.14814814814814814,
      0.14814814814814814,
      0.12962962962962962,
      0.12962962962962962,
      0.1111111111111111,
      0.07407407407407407,
      0.05555555555555555,
      0.037037037037037035,
      0.018518518518518517,
      0.0
    ]
  }
}